Algorithm,test_rmse,fit_time,test_time,recall@k,precision@k
BaselineOnly,3.2945514824900206,0.17755144834518433,0.09463286399841309,0.9842373040509885,0.9556238511612806
SVD,3.294602027177424,1.2235172390937805,0.16485023498535156,0.9845385543224667,0.95804039894146
SVDpp,3.295140972504351,5.2771040598551435,2.0713656743367515,0.984224536084337,0.9579523944012408
CoClustering,3.3093312666003483,2.2780638337135315,0.15858668088912964,0.9403124749118075,0.9626973564924116
SlopeOne,3.3416630101911857,1.0627867579460144,0.7545379996299744,0.932281293053839,0.9585701413795182
NormalPredictor,3.341952017758012,0.09272754192352295,0.11972224712371826,0.9261113730330085,0.9559203866063083
NMF,3.4196848498201504,2.2212743759155273,0.22191166877746582,0.7253380466344268,0.9674988631917348
